1	1	1410000	66	1.85279080670276
1	1410001	2160000	75	1.65967412734869
1	2160001	2470000	31	1.81089136260807
1	2470001	2590000	12	2.01181828307323
1	2590001	2670000	7	1.6759742693359
1	2670001	2780000	4	1.21318536538748
1	2780001	2850000	7	1.67946298588828
1	2850001	8200000	535	1.86077033216492
1	8200001	8330000	13	1.68622844339814
1	8330001	8750000	42	1.90435177464411
1	8750001	9250000	50	1.72321175922176
1	9250001	9340000	9	1.88243493493491
1	9340001	9820000	48	1.6755096550123
1	9820001	9910000	9	1.82411919012701
1	9910001	10030000	12	1.60614261448435
1	10030001	10510000	48	1.73363477755837
1	10510001	10810000	30	1.91242079732149
1	10810001	10970000	16	1.7818797747077
1	10970001	11100000	13	1.63625772120023
1	11100001	15680000	432	1.82159217597716
1	15680001	15920000	24	1.66670641431844
1	15920001	16260000	34	1.88491569662137
1	16260001	16500000	24	1.69807478723924
1	16500001	16920000	33	1.95734762309406
1	16920001	17300000	38	1.80412587519043
1	17300001	17530000	23	1.65358820132312
1	17530001	18280000	75	1.88491569662137
1	18280001	18320000	4	2.2077854813467
1	18320001	21970000	365	1.83910009230332
1	21970001	22010000	4	1.54788683409726
1	22010001	23160000	115	1.86735988983063
1	23160001	23270000	11	1.63070972780671
1	23270001	24300000	103	1.79402500676099
1	24300001	24450000	15	1.95017014611579
1	24450001	24900000	45	1.77006212943478
1	24900001	25060000	16	2.03228114810023
1	25060001	26880000	182	1.81982534931218
1	26880001	27320000	44	1.69560485222784
1	27320001	27440000	12	1.89014904423197
1	27440001	27520000	8	1.72106310902789
1	27520001	27670000	15	1.93455265922786
1	27670001	29120000	145	1.72500435001583
1	29120001	29150000	3	1.49692298679269
1	29150001	31060000	191	1.92785961548129
1	31060001	31260000	20	1.6331983328613
1	31260001	32490000	123	1.85561832682363
1	32490001	32720000	23	1.68950427383125
1	32720001	38890000	617	1.88347906797749
1	38890001	39090000	20	1.64923844837569
1	39090001	44120000	503	1.88910121359449
1	44120001	44200000	8	1.69008991287088
1	44200001	44320000	12	1.99819862905231
1	44320001	44790000	47	1.84676462145879
1	44790001	44820000	3	2.1278552307487
1	44820001	54410000	958	1.86995039550291
1	54410001	54710000	30	1.73159315177077
1	54710001	61650000	694	1.9476035022127
1	61650001	62170000	52	1.78707477368246
1	62170001	62230000	6	1.55315304780964
1	62230001	67450000	521	1.90739018692331
1	67450001	67550000	10	1.76650765373925
1	67550001	70300000	274	1.91879422157452
1	70300001	70330000	3	1.66462821989974
1	70330001	91900000	2151	1.91693311520835
1	91900001	92010000	11	1.66497440559933
1	92010001	96640000	462	1.90739018692331
1	96640001	96670000	3	1.71498980485925
1	96670001	108960000	1195	1.91587043644539
1	108960001	109080000	12	1.73327431582016
1	109080001	112740000	366	1.94665874831648
1	112740001	113180000	44	1.74775141136301
1	113180001	114470000	129	1.92225535712938
1	114470001	114670000	20	1.77473054652889
1	114670001	119995000	531	1.99211371152238
1	119995001	120695000	28	2.32430597547407
1	120695001	120950000	8	2.08912671348058
1	120950001	121590000	34	2.22345005804019
1	121590001	121745000	2	1.98783774036977
1	121745001	125070000	14	1.76773252799891
1	125070001	125170000	10	2.00402429696584
1	125170001	143280000	9	1.61955784822612
1	143280001	153920000	734	2.26718167105204
1	153920001	153990000	7	2.62006027204596
1	153990001	154160000	17	2.03185859105151
1	154160001	154520000	36	2.23101466995271
1	154520001	154960000	44	2.43074743668283
1	154960001	155080000	12	2.81200663794416
1	155080001	155340000	26	2.55566723508623
1	155340001	155960000	62	2.14666936341184
1	155960001	156400000	44	2.36296784923575
1	156400001	156470000	7	2.58882958497643
1	156470001	156500000	3	3.11212498267962
1	156500001	159780000	328	2.39230278878285
1	159780001	159950000	17	2.66401092711477
1	159950001	160060000	11	2.41563084521766
1	160060001	160120000	6	2.74308627831753
1	160120001	161260000	114	2.36165790486106
1	161260001	161420000	16	2.19086410566536
1	161420001	162400000	93	2.41027874241306
1	162400001	162610000	21	2.16459932244335
1	162610001	169090000	647	2.35283475446672
1	169090001	169120000	3	2.70438396842734
1	169120001	176210000	705	2.34583249354647
1	176210001	176300000	9	2.14339835087108
1	176300001	176770000	47	2.39346382298189
1	176770001	177440000	67	2.80908445562502
1	177440001	180150000	271	2.32076428706881
1	180150001	180270000	12	2.60160151021112
1	180270001	182580000	231	2.35936724934832
1	182580001	182690000	11	2.53801395199845
1	182690001	187250000	456	2.3315671816287
1	187250001	193570000	630	2.76312341191281
1	193570001	193920000	35	2.34550731465088
1	193920001	197050000	312	2.75967810948673
1	197050001	197120000	7	2.31033170354791
1	197120001	199860000	274	2.7956814805867
1	199860001	200020000	16	2.42738003985895
1	200020001	200960000	94	2.6608736380631
1	200960001	201750000	79	3.06078137509431
1	201750001	202120000	37	2.75853063025436
1	202120001	202320000	20	3.17531561999155
1	202320001	202570000	25	2.73037668450147
1	202570001	202700000	13	3.07438959745557
1	202700001	203020000	32	2.71998745960064
1	203020001	203270000	25	3.07929481676869
1	203270001	203350000	8	3.39050459553626
1	203350001	203480000	13	2.86175467145278
1	203480001	203510000	3	3.31497961795197
1	203510001	203740000	23	2.78852073756872
1	203740001	204070000	33	2.55797116255486
1	204070001	204390000	32	3.12986406507268
1	204390001	204510000	12	2.89186458909149
1	204510001	204560000	5	2.6262422508483
1	204560001	204930000	37	2.92026643173832
1	204930001	205090000	16	3.1706969640401
1	205090001	205220000	13	2.59008599770885
1	205220001	207790000	235	2.87268538835288
1	207790001	207880000	9	3.22388436971967
1	207880001	208020000	14	2.8830582786094
1	208020001	208250000	23	3.11126223802404
1	208250001	209560000	131	2.76695657064711
1	209560001	209680000	12	3.04048189750764
1	209680001	212790000	310	2.75013034854822
1	212790001	212910000	12	2.48819576920798
1	212910001	217630000	472	2.75738362814597
1	217630001	217720000	8	2.54294454332857
1	217720001	220010000	229	2.73359592075406
1	220010001	220170000	16	2.51054398256529
1	220170001	223710000	348	2.80091849017026
1	223710001	223760000	5	3.17487545828806
1	223760001	224010000	22	2.79084112880314
1	224010001	224410000	40	2.55549009587163
1	224410001	225430000	102	2.79781389403501
1	225430001	225480000	5	3.06035709010809
1	225480001	225800000	32	2.69970168618027
1	225800001	225930000	13	3.01550577895422
1	225930001	226100000	17	2.67270387214535
1	226100001	226140000	4	3.04427776762087
1	226140001	226530000	39	2.68644816216572
1	226530001	226740000	21	3.07481582789521
1	226740001	226940000	20	2.77521587812791
1	226940001	226990000	5	3.2158497435093
1	226990001	228070000	108	2.78427169649225
1	228070001	228480000	41	3.05167219742361
1	228480001	229440000	87	2.80655435406103
1	229440001	229550000	11	2.56151972265954
1	229550001	234770000	522	2.79006745059874
1	234770001	234800000	3	2.45819608334284
1	234800001	235110000	31	2.92006402130904
1	235110001	241880000	675	2.66733679446095
1	241880001	242030000	15	2.45904817683308
1	242030001	248550000	650	2.68514500556053
1	248550001	248660000	7	3.24405886908264
1	248660001	248800000	14	2.68849725761131
1	248800001	248956422	15	3.13225137717175
2	1	50000	4	2.51716536960521
2	50001	5250000	519	1.89329602464498
2	5250001	6500000	125	2.21391525621899
2	6500001	6520000	2	3.08142996118822
2	6520001	6980000	46	3.53571012425468
2	6980001	7040000	6	3.89008047260505
2	7040001	7440000	40	3.43378568898024
2	7440001	8450000	101	2.9109700578108
2	8450001	8500000	5	3.18633951726245
2	8500001	8710000	21	3.63536444132245
2	8710001	8810000	10	3.18258710469512
2	8810001	9070000	26	2.86195304004583
2	9070001	9420000	35	3.09877928379812
2	9420001	9630000	21	2.86910347453202
2	9630001	10120000	49	3.1788391111798
2	10120001	10460000	34	2.22237149502518
2	10460001	10690000	23	2.00235808946866
2	10690001	10760000	7	1.83527976462273
2	10760001	14390000	363	2.09652495103386
2	14390001	15840000	145	1.91799638340895
2	15840001	16040000	20	1.75078265938853
2	16040001	20560000	451	1.96101422400396
2	20560001	20660000	10	2.12549667188706
2	20660001	23840000	317	1.95666937563902
2	23840001	24030000	19	1.7294340509282
2	24030001	25900000	187	1.86529006940657
2	25900001	26030000	13	1.67643901249579
2	26030001	28360000	233	1.86956159067583
2	28360001	28410000	5	2.15815726814491
2	28410001	31950000	354	1.91852823865053
2	31950001	32700000	75	1.77190345686375
2	32700001	38780000	607	1.91626887192752
2	38780001	38830000	5	1.63898198837638
2	38830001	38920000	9	1.80662865911476
2	38920001	42370000	345	1.94490542105933
2	42370001	42810000	44	1.77067569253824
2	42810001	47350000	453	2.09507225419959
2	47350001	47490000	14	1.87566216480397
2	47490001	47660000	17	2.10322034106059
2	47660001	47790000	13	1.88910121359449
2	47790001	52500000	471	2.05380612401628
2	52500001	52570000	7	1.8881848383005
2	52570001	65450000	1287	2.05950838507285
2	65450001	65600000	15	1.9251888862035
2	65600001	66600000	100	2.1013260010511
2	66600001	66670000	7	1.91945934022652
2	66670001	67470000	80	2.08724506739673
2	67470001	67620000	15	1.91693311520835
2	67620001	69330000	171	2.08522057459858
2	69330001	69430000	10	1.87020964364109
2	69430001	69650000	22	2.0617937199861
2	69650001	69700000	5	1.91308370673016
2	69700001	69900000	20	2.05993669233244
2	69900001	69960000	6	2.27852468426681
2	69960001	74420000	443	2.0739771508968
2	74420001	74560000	14	2.31257475157465
2	74560001	77720000	316	2.10964463413612
2	77720001	77770000	5	1.93535738438699
2	77770001	85710000	794	2.05451804233734
2	85710001	85820000	11	2.25089693564429
2	85820001	87180000	121	2.05224077193607
2	87180001	87670000	45	2.24793450136242
2	87670001	88340000	56	2.05694041101674
2	88340001	88570000	23	1.84791705260487
2	88570001	89030000	46	2.0491136460656
2	89030001	89060000	3	2.27536816678205
2	89060001	89790000	36	2.06451084915269
2	89790001	89880000	8	1.83604319475919
2	89880001	90275000	36	2.34047280203362
2	90275001	99350000	503	2.06065073571479
2	99350001	100060000	71	2.53643115025779
2	100060001	100140000	8	2.07555908245759
2	100140001	132190000	3082	1.9191932651039
2	132190001	132260000	7	1.72655943702049
2	132260001	135320000	306	1.94922414717825
2	135320001	135450000	13	1.74472541154152
2	135450001	151230000	1577	1.95274017246346
2	151230001	151480000	25	1.78942986524346
2	151480001	152190000	68	1.92879524576814
2	152190001	152340000	15	1.7980086979836
2	152340001	172950000	2058	1.94248034393944
2	172950001	173060000	11	2.10001553447563
2	173060001	202120000	2901	1.94463581860537
2	202120001	203710000	159	1.79962959822102
2	203710001	205930000	222	1.97739350685761
2	205930001	206330000	40	1.78398069067328
2	206330001	207610000	128	1.97260213460891
2	207610001	207690000	8	1.72655943702049
2	207690001	219490000	1180	1.94234570612831
2	219490001	219560000	7	2.12005251254392
2	219560001	229870000	1030	1.9297313301358
2	229870001	230120000	25	1.73929180834267
2	230120001	231810000	169	1.87722294575399
2	231810001	231880000	7	1.5585452045884
2	231880001	237890000	600	1.91494107579399
2	237890001	237960000	7	1.69736872462032
2	237960001	240560000	260	1.92745877002237
2	240560001	240600000	4	2.19420755508147
2	240600001	241530000	93	1.8397375862881
2	241530001	241610000	8	1.62394187980504
2	241610001	241700000	9	1.75175376866361
2	241700001	241740000	4	1.57975408894168
2	241740001	241920000	18	1.76027398442108
2	241920001	242193529	21	1.98329598511004
3	1	40000	3	2.67975294473818
3	40001	120000	8	2.21637192882429
3	120001	9500000	937	2.07699824910321
3	9500001	9680000	18	1.8327372893507
3	9680001	9960000	28	2.0739771508968
3	9960001	10300000	34	1.90421977961243
3	10300001	10990000	69	2.19405546947438
3	10990001	12820000	183	1.99598378425658
3	12820001	13430000	61	2.16685107171183
3	13430001	13470000	4	1.85909436335658
3	13470001	27430000	1394	2.07297109499694
3	27430001	27700000	27	1.92719158602016
3	27700001	32620000	492	2.08218751660703
3	32620001	32830000	21	1.87176588742482
3	32830001	39100000	627	2.07757419513475
3	39100001	39190000	9	2.29851168430316
3	39190001	47030000	783	2.08233184784976
3	47030001	47750000	72	1.91387950134602
3	47750001	47810000	6	1.7133263756036
3	47810001	48390000	58	1.89684264091526
3	48390001	48480000	9	2.16309945639997
3	48480001	48550000	7	1.87618228088052
3	48550001	48680000	13	2.17377105282047
3	48680001	48990000	31	1.84484549977123
3	48990001	49190000	20	2.04457360348677
3	49190001	49510000	32	1.79029831269922
3	49510001	49620000	11	1.95721195479739
3	49620001	49730000	11	2.2174475801253
3	49730001	50120000	39	1.91387950134602
3	50120001	50670000	55	2.24202132436036
3	50670001	51330000	66	1.94584932402945
3	51330001	51410000	8	2.18600999894303
3	51410001	51470000	6	1.85729116199394
3	51470001	51540000	7	1.6735364806371
3	51540001	51660000	12	1.86231872128387
3	51660001	51700000	4	2.24419805140772
3	51700001	51940000	24	2.03820618223028
3	51940001	52050000	11	2.20732643299206
3	52050001	52100000	5	2.42872643843002
3	52100001	52540000	44	2.12829775181309
3	52540001	52770000	23	1.94517506089072
3	52770001	90240000	3739	2.08146601043847
3	90240001	90290000	5	1.84356719339291
3	90290001	91300000	46	1.71403907620322
3	91300001	91510000	21	1.9683680440676
3	91510001	93810000	13	1.71439553766989
3	93810001	109140000	1532	2.08825805075167
3	109140001	109580000	43	1.89855263969917
3	109580001	120940000	1134	2.08406460332179
3	120940001	120960000	2	1.86425601969049
3	120960001	128210000	724	2.08478701025009
3	128210001	128500000	29	2.29198880912081
3	128500001	131360000	286	2.07368965654191
3	131360001	131400000	4	2.32398378058071
3	131400001	138780000	737	2.08103322674848
3	138780001	138930000	15	1.81894257872399
3	138930001	157060000	1813	2.08985087510662
3	157060001	157140000	8	2.28675213813019
3	157140001	162800000	564	2.10292879301972
3	162800001	162875000	3	5.32617562251249
3	162875001	170110000	720	2.07901475903424
3	170110001	170420000	31	1.90950672377208
3	170420001	177140000	672	2.09826951690837
3	177140001	177330000	19	1.88060909472655
3	177330001	179580000	225	2.08710039560737
3	179580001	179680000	10	1.87579218030403
3	179680001	181770000	209	2.05708299220282
3	181770001	181930000	16	1.86826615834487
3	181930001	184070000	214	2.02623288532475
3	184070001	184130000	6	1.77830156790567
3	184130001	184190000	6	2.19512029013446
3	184190001	184300000	11	1.95721195479739
3	184300001	184380000	8	2.19892744142724
3	184380001	184540000	16	1.91507381399505
3	184540001	192940000	838	2.08941634801431
3	192940001	193000000	6	1.89842104661896
3	193000001	195280000	228	2.10030667862511
3	195280001	198295559	288	1.95572022402055
4	1	55000	3	2.38799530475919
4	55001	1590000	152	1.81164464778384
4	1590001	1690000	10	1.60313953378274
4	1690001	2220000	53	1.8200776481618
4	2220001	2280000	6	2.1361308160957
4	2280001	2370000	9	1.77965797213301
4	2370001	2430000	6	1.99460075310153
4	2430001	2760000	33	1.74811488384162
4	2760001	10080000	711	1.89789476550199
4	10080001	10200000	12	2.10832897974563
4	10200001	25450000	1521	1.93669933693294
4	25450001	25760000	31	1.72094381815808
4	25760001	39350000	1357	1.93133710326236
4	39350001	40710000	136	1.77411557836362
4	40710001	42610000	190	1.90514393699626
4	42610001	42670000	6	2.08840280278635
4	42670001	49070000	639	1.92278839337292
4	49070001	49190000	12	1.66797769904703
4	49190001	49405000	9	2.02244434200362
4	49405001	51820000	18	1.56808090815148
4	51820001	54120000	230	1.90791910109512
4	54120001	54250000	13	1.72058599515633
4	54250001	56770000	251	1.88086982057662
4	56770001	56980000	21	1.64981012992511
4	56980001	70730000	1368	1.90303223595082
4	70730001	71120000	39	1.75576529137747
4	71120001	87260000	1613	1.92679087945963
4	87260001	87300000	4	1.66982857166196
4	87300001	103560000	1624	1.92238860233536
4	103560001	103620000	6	1.76773252799891
4	103620001	112560000	892	1.91533931800091
4	112560001	112880000	32	1.7437581985348
4	112880001	119400000	651	1.91507381399505
4	119400001	119450000	4	1.73387512702937
4	119450001	127810000	836	1.91533931800091
4	127810001	128150000	34	1.74182538078842
4	128150001	150990000	2278	1.91879422157452
4	150990001	151390000	40	1.76442731500439
4	151390001	164740000	1335	1.91799638340895
4	164740001	165190000	45	1.76039600154475
4	165190001	167250000	205	1.9226551204565
4	167250001	167340000	9	1.77990470221579
4	167340001	173490000	615	1.91866122550339
4	173490001	173540000	5	2.10453280752217
4	173540001	187950000	1441	1.89592251036841
4	187950001	188400000	45	1.69407764556806
4	188400001	190214555	166	1.84599673333339
5	1	40000	3	2.65847702782955
5	40001	16740000	1670	2.05765341578715
5	16740001	17180000	44	1.85613288479779
5	17180001	20370000	311	2.02651380031817
5	20370001	20410000	4	1.8712469956628
5	20410001	31790000	1138	2.02440788679831
5	31790001	31980000	19	1.85048058609016
5	31980001	37080000	509	2.06165081228857
5	37080001	37550000	47	1.883217980434
5	37550001	45900000	835	2.0452823215055
5	45900001	50300000	72	1.77509962974428
5	50300001	57110000	681	2.04599128518975
5	57110001	57160000	5	1.74714579183339
5	57160001	68650000	1147	2.04627493946886
5	68650001	68680000	3	2.21652556134408
5	68680001	68970000	29	2.05167184884724
5	68970001	71190000	59	1.86619533339399
5	71190001	80260000	888	2.01782351856253
5	80260001	80320000	6	1.74872083929115
5	80320001	87450000	712	2.03354934658391
5	87450001	87500000	5	1.88622267353343
5	87500001	88320000	82	2.0452823215055
5	88320001	88350000	3	1.80888413307054
5	88350001	91270000	292	2.05480287875793
5	91270001	91330000	6	1.85703370461346
5	91330001	93580000	225	2.06637200039701
5	93580001	93610000	3	2.44545005519075
5	93610001	116100000	2245	2.04089222662531
5	116100001	116130000	3	1.86477297287367
5	116130001	126520000	1039	2.03580587603203
5	126520001	126830000	31	1.85086542272132
5	126830001	132370000	554	2.03721747830272
5	132370001	132515000	14	2.24326490973136
5	132515001	133210000	69	1.97178192301416
5	133210001	133960000	74	2.14072577551434
5	133960001	134100000	14	1.92438838912462
5	134100001	134150000	5	2.264040867428
5	134150001	134490000	34	1.93214049083123
5	134490001	134570000	8	2.13746381958513
5	134570001	134900000	33	1.82500447303216
5	134900001	137520000	261	2.11623523139961
5	137520001	137570000	5	1.87488226102691
5	137570001	137860000	29	2.07297109499694
5	137860001	138440000	58	1.89565969791708
5	138440001	154530000	1606	2.03312652584815
5	154530001	154760000	23	1.85176368612831
5	154760001	156960000	218	2.0182431567965
5	156960001	157140000	18	1.8083826734161
5	157140001	157850000	71	1.98769995873246
5	157850001	158020000	17	1.81164464778384
5	158020001	160130000	211	2.02216399111781
5	160130001	160260000	13	1.73905070801224
5	160260001	160340000	8	1.8633516964357
5	160340001	171340000	1098	2.01558692113232
5	171340001	171390000	5	1.76761000236359
5	171390001	173090000	170	1.99335684443765
5	173090001	173130000	4	1.79290618473826
5	173130001	176950000	381	2.02791895958006
5	176950001	177280000	33	1.84663661792605
5	177280001	177550000	27	2.14146782311179
5	177550001	180790000	321	1.90831588297162
5	180790001	180860000	7	2.10832897974563
5	180860001	181080000	22	1.91494107579399
5	181080001	181538259	36	2.08912671348058
6	1	4690000	454	2.2122278735536
6	4690001	4760000	7	2.01279466024415
6	4760001	6930000	217	2.23070540708402
6	6930001	7100000	17	2.06122214862481
6	7100001	14930000	782	2.19816548329401
6	14930001	15250000	32	1.97794183276186
6	15250001	27550000	1214	2.16025257350485
6	27550001	27740000	19	1.97958772293908
6	27740001	28790000	105	2.15950401673704
6	28790001	28850000	6	1.95314627558886
6	28850001	33470000	457	2.20977579430508
6	33470001	33570000	10	1.92572273590677
6	33570001	34140000	57	2.33998616499486
6	34140001	34510000	37	2.01279466024415
6	34510001	34570000	6	2.51385249602758
6	34570001	34610000	4	2.24388696106097
6	34610001	36560000	195	2.11608855023485
6	36560001	36590000	3	1.89487147912899
6	36590001	37030000	44	2.2232959455675
6	37030001	37160000	13	1.99570710132872
6	37160001	41530000	437	2.22483755110176
6	41530001	41600000	7	2.54806132533357
6	41600001	41670000	7	2.10570013192885
6	41670001	41800000	13	2.37693096070336
6	41800001	42090000	29	2.02960643685592
6	42090001	42140000	5	2.26012098087197
6	42140001	42230000	9	2.04641678135517
6	42230001	42470000	24	2.25011696937762
6	42470001	43150000	68	2.06207956509969
6	43150001	43540000	39	2.19862262648464
6	43540001	43670000	13	2.04216579865523
6	43670001	44120000	45	2.36345926567831
6	44120001	44220000	10	2.13243238883301
6	44220001	44310000	9	2.4926839955886
6	44310001	53130000	880	2.19892744142724
6	53130001	53260000	13	2.03707627404141
6	53260001	56060000	280	2.22083159823846
6	56060001	56110000	5	2.38187879226509
6	56110001	61290000	340	2.1486045803464
6	61290001	61520000	16	1.88191308549485
6	61520001	62520000	100	2.19588119270126
6	62520001	62690000	17	3.45599229243044
6	62690001	62980000	29	4.77168894415316
6	62980001	63400000	42	5.26232371688041
6	63400001	63620000	22	4.82323131076304
6	63620001	63830000	21	5.60649839571058
6	63830001	63930000	10	6.3198924181635
6	63930001	64370000	44	6.87328603957748
6	64370001	64690000	32	6.19068906516535
6	64690001	64930000	24	4.92867550593144
6	64930001	65330000	40	7.12949554071828
6	65330001	65500000	17	8.36404022345426
6	65500001	65690000	19	7.39628081159677
6	65690001	66440000	75	6.44687495084896
6	66440001	66710000	27	5.81871264144892
6	66710001	67000000	29	2.86532741070759
6	67000001	67270000	27	3.40133239448201
6	67270001	67610000	34	3.82669786965889
6	67610001	67880000	27	5.76172178867564
6	67880001	68130000	25	3.31934825469739
6	68130001	68380000	25	3.96027331458711
6	68380001	68410000	3	5.37364121755005
6	68410001	68690000	28	3.36218707591211
6	68690001	69170000	48	5.39341856169886
6	69170001	69390000	22	6.3704708149496
6	69390001	69810000	42	5.80541821192511
6	69810001	70160000	34	4.02586836274782
6	70160001	70230000	7	5.62596274815942
6	70230001	70570000	34	4.7919073023433
6	70570001	70700000	13	7.22551289824673
6	70700001	70890000	19	5.20140004012121
6	70890001	71060000	17	4.77565957454877
6	71060001	71280000	22	5.32285401742843
6	71280001	71330000	5	6.0574055304659
6	71330001	71350000	2	7.14532681882208
6	71350001	71390000	4	9.68800762154971
6	71390001	71510000	12	11.1765266213616
6	71510001	71550000	4	9.80963869084837
6	71550001	71980000	43	7.4596089342652
6	71980001	72040000	6	9.11346701777692
6	72040001	72070000	3	4.20003106895126
6	72070001	73200000	113	2.05266756778085
6	73200001	73340000	14	1.81528994581347
6	73340001	73390000	5	8.81157553362614
6	73390001	73470000	8	7.45805791346339
6	73470001	73650000	18	9.25863812716732
6	73650001	74250000	60	10.6530896353385
6	74250001	74360000	11	12.1038994265908
6	74360001	89750000	1536	2.02707574714777
6	89750001	89940000	19	1.82880341161358
6	89940001	102160000	1217	2.05466045561179
6	102160001	102460000	30	4.01027174432882
6	102460001	102570000	11	7.34315473107304
6	102570001	102740000	17	8.15169458576359
6	102740001	102960000	22	5.1992372884203
6	102960001	103060000	10	4.70827960978238
6	103060001	106790000	372	2.0649401967536
6	106790001	107050000	26	10.9381739083848
6	107050001	107090000	4	7.0464665522456
6	107090001	107550000	46	5.47553525236735
6	107550001	107690000	14	6.05698567766056
6	107690001	108570000	88	7.63114743521509
6	108570001	108650000	8	6.10334439484723
6	108650001	108810000	16	3.79894809340475
6	108810001	109330000	52	3.46462690177799
6	109330001	109400000	7	3.74690655915933
6	109400001	109590000	19	3.12054929071935
6	109590001	109610000	2	6.55910968141897
6	109610001	109740000	13	7.59578989468905
6	109740001	109790000	5	6.85568108874161
6	109790001	109850000	6	5.30076285901394
6	109850001	110680000	83	2.07067337084945
6	110680001	110830000	15	1.92732517339132
6	110830001	111030000	20	4.99817009752481
6	111030001	112150000	112	2.06651523535371
6	112150001	112180000	3	5.50483758854165
6	112180001	114730000	254	2.04216579865523
6	114730001	114870000	14	4.24422164574239
6	114870001	117090000	221	2.04968185977168
6	117090001	117140000	4	1.86438524454942
6	117140001	131060000	1390	2.071821914391
6	131060001	131130000	7	1.89001803362442
6	131130001	134090000	295	2.07268374010134
6	134090001	134290000	20	1.90580432400024
6	134290001	138840000	455	2.06723155908046
6	138840001	138870000	3	1.80537683345321
6	138870001	148310000	944	2.06522647809174
6	148310001	148390000	8	1.80275082222966
6	148390001	154920000	653	2.01978257710579
6	154920001	155140000	22	1.82083475460088
6	155140001	170805979	1537	2.04882959828547
7	1	240000	21	2.32704643619543
7	240001	1830000	159	2.11682205774087
7	1830001	2260000	43	2.31273505259708
7	2260001	2350000	9	1.84280063476398
7	2350001	2480000	13	2.11213199953331
7	2480001	2530000	5	2.43884826087782
7	2530001	5740000	319	2.09144491439257
7	5740001	5930000	19	1.94584932402945
7	5930001	5970000	3	1.49567839893661
7	5970001	6830000	83	1.99806012927781
7	6830001	23300000	1647	2.2446647677971
7	23300001	23590000	29	2.00722173775004
7	23590001	27100000	349	2.20381023175322
7	27100001	27240000	14	2.42267352000549
7	27240001	27370000	13	2.08782385484344
7	27370001	34430000	705	2.24310942384541
7	34430001	34480000	5	2.08854756485483
7	34480001	38330000	385	2.23829470311283
7	38330001	38360000	3	2.49891183139018
7	38360001	39890000	153	2.20045215014625
7	39890001	40280000	39	2.03129531831983
7	40280001	43880000	360	2.2231418437767
7	43880001	44010000	13	2.03961944884319
7	44010001	45770000	176	2.20029963171182
7	45770001	45850000	8	2.02693524583333
7	45850001	47590000	174	2.22237149502518
7	47590001	47780000	19	2.05209852637549
7	47780001	55610000	780	2.24964911935267
7	55610001	56550000	94	1.98508392136238
7	56550001	56680000	13	2.1680529622847
7	56680001	56935000	25	1.91640170216759
7	56935001	57035000	7	1.56808090815148
7	57035001	57120000	8	1.97068883804518
7	57120001	57880000	72	2.09637963603427
7	57880001	63590000	194	1.94611909472264
7	63590001	63640000	3	0.624122012110163
7	63640001	73680000	958	2.0523830273567
7	73680001	73750000	7	2.2122278735536
7	73750001	74290000	54	1.99902982933112
7	74290001	74440000	15	1.80976202208628
7	74440001	76660000	174	2.00708261256298
7	76660001	76930000	27	2.31947773883083
7	76930001	76950000	2	2.14206164638291
7	76950001	76990000	4	1.9308016971417
7	76990001	86540000	951	2.22622590999659
7	86540001	86620000	8	2.06122214862481
7	86620001	97040000	1042	2.24233215605702
7	97040001	99550000	250	2.05922289637579
7	99550001	100010000	45	2.23953622143316
7	100010001	100070000	6	2.04968185977168
7	100070001	100230000	16	2.20946947556567
7	100230001	100330000	10	1.92225535712938
7	100330001	100720000	39	2.17452455502314
7	100720001	100790000	7	1.84561290901248
7	100790001	102470000	166	1.9856343797979
7	102470001	104980000	230	2.1840410914913
7	104980001	105020000	4	2.41898194290416
7	105020001	105330000	31	2.20197791607917
7	105330001	105580000	25	1.9798621710917
7	105580001	128000000	2240	2.24077842838835
7	128000001	128120000	12	2.4580257000795
7	128120001	128810000	69	2.14830674115011
7	128810001	128960000	15	2.36427852019928
7	128960001	129960000	100	2.12240503029037
7	129960001	130050000	9	1.9191932651039
7	130050001	135150000	510	2.21975430539989
7	135150001	135190000	4	2.49112946332765
7	135190001	135440000	25	2.24279848440402
7	135440001	135640000	20	2.05466045561179
7	135640001	138030000	239	2.21314810460499
7	138030001	138530000	50	2.04556587749457
7	138530001	138600000	7	2.23488407538944
7	138600001	138850000	25	1.98398346224402
7	138850001	142840000	397	2.184798153635
7	142840001	142950000	11	2.42923153040861
7	142950001	149050000	569	2.19238322336844
7	149050001	149200000	15	1.93589405378747
7	149200001	149710000	51	2.17226483162082
7	149710001	149880000	17	2.40393851994682
7	149880001	150370000	49	2.23039618708529
7	150370001	150480000	11	2.38402604989751
7	150480001	150970000	49	2.22977787567397
7	150970001	151150000	18	2.49389374687086
7	151150001	151670000	52	2.22792396970132
7	151670001	151900000	23	2.41161565538152
7	151900001	152260000	36	2.18116664704207
7	152260001	152810000	55	1.96945984175826
7	152810001	159290000	648	2.19010494158715
7	159290001	159345973	5	2.73776762618368
8	1	590000	39	1.73195326388438
8	590001	760000	17	1.58150706416623
8	760001	890000	13	1.71451437463175
8	890001	1030000	14	1.53049676982267
8	1030001	1380000	35	1.69184804828445
8	1380001	1410000	3	0.902313077223083
8	1410001	1880000	47	1.63014466480525
8	1880001	7930000	540	1.76002997554501
8	7930001	8045000	3	2.27095638730169
8	8045001	22160000	1382	1.77546878971635
8	22160001	22530000	37	1.5962648042645
8	22530001	28420000	588	1.76503892489153
8	28420001	28470000	5	1.61004387111156
8	28470001	28570000	10	1.76650765373925
8	28570001	28700000	13	1.61731421983763
8	28700001	29290000	59	1.77583802646106
8	29290001	29350000	6	1.97178192301416
8	29350001	30660000	131	1.78064509772164
8	30660001	30790000	13	1.58106863808278
8	30790001	33360000	257	1.76920349825475
8	33360001	33670000	31	1.59615416345421
8	33670001	43560000	988	1.74654038215913
8	43560001	46550000	102	1.55573895088156
8	46550001	47990000	144	1.70349770051748
8	47990001	48150000	16	1.56276407914208
8	48150001	55800000	765	1.7635714171902
8	55800001	55860000	6	1.5544454616222
8	55860001	65560000	969	1.80687912838784
8	65560001	65690000	13	1.63478396763927
8	65690001	66540000	85	1.83045207320648
8	66540001	66750000	21	1.69372540864903
8	66750001	69850000	309	2.07282741256966
8	69850001	70100000	25	1.85587558797749
8	70100001	75400000	529	2.07081690396476
8	75400001	75530000	13	1.93026643944656
8	75530001	86920000	1119	2.08681108211056
8	86920001	96310000	937	1.79067063347718
8	96310001	97700000	139	2.08623257542515
8	97700001	97820000	12	1.79265765239222
8	97820001	98920000	110	2.04075076765869
8	98920001	98970000	5	2.27678805814976
8	98970001	140380000	4137	2.10249154673356
8	140380001	140500000	12	1.90593642886798
8	140500001	143560000	306	2.08478701025009
8	143560001	143650000	9	2.20182529189037
8	143650001	143720000	7	1.78052167708622
8	143720001	143800000	8	1.9841209862645
8	143800001	144030000	22	2.22175540822252
8	144030001	144420000	39	1.97219198617198
8	144420001	144540000	12	2.20365748056237
8	144540001	145040000	50	1.96850448567226
8	145040001	145138636	4	2.87966302708068
9	1	6700000	663	2.1964901046535
9	6700001	6760000	6	1.88387076716354
9	6760001	6860000	10	2.04429018504655
9	6860001	15030000	817	2.23860501815428
9	15030001	15060000	3	1.96877739725544
9	15060001	19000000	394	2.17286719481962
9	19000001	19280000	28	1.94665874831648
9	19280001	33300000	1401	2.21852375346221
9	33300001	33360000	6	2.02174353765403
9	33360001	33820000	46	2.22452914450422
9	33820001	33910000	9	2.01530752082101
9	33910001	33940000	3	2.26215847414917
9	33940001	34320000	38	1.99446250270414
9	34320001	34490000	17	2.18343563065996
9	34490001	34670000	18	2.38683692325814
9	34670001	34970000	30	2.17301781171653
9	34970001	35000000	3	2.54453140960293
9	35000001	35060000	6	2.11755581950529
9	35060001	35130000	7	2.39944376256226
9	35130001	35640000	51	2.1832842916799
9	35640001	35850000	21	2.47169374960629
9	35850001	36220000	37	2.20809156661876
9	36220001	36500000	28	2.05394848794261
9	36500001	36600000	10	1.86373920981731
9	36600001	36740000	14	2.10745233267909
9	36740001	36890000	15	2.42300939715015
9	36890001	37900000	101	2.19572899109047
9	37900001	38080000	18	2.38700237192047
9	38080001	40780000	121	2.17226483162082
9	40780001	40900000	10	1.85613288479779
9	40900001	42130000	58	2.18449529729183
9	42130001	42160000	3	3.37666720895451
9	42160001	81630000	1582	2.17392173237021
9	81630001	81910000	28	2.03171775822709
9	81910001	89360000	741	2.18752575086938
9	89360001	89890000	53	2.3942934780922
9	89890001	93900000	400	2.22206343027191
9	93900001	93960000	6	2.49493114382809
9	93960001	94320000	35	2.14443858658004
9	94320001	94350000	3	2.38518306722337
9	94350001	95080000	73	2.15651238261769
9	95080001	95110000	3	2.55743930270556
9	95110001	95440000	33	2.17000745647889
9	95440001	95520000	8	2.36657394395217
9	95520001	99350000	383	2.17663575100626
9	99350001	99400000	5	2.47855624886917
9	99400001	107390000	798	2.18419248293055
9	107390001	107610000	22	1.97643430226702
9	107610001	109130000	151	2.24202132436036
9	109130001	109170000	4	2.0348183364578
9	109170001	114370000	516	2.19831785379543
9	114370001	114410000	4	2.71396102036229
9	114410001	121510000	709	2.23689881766097
9	121510001	121570000	6	1.97821605272984
9	121570001	121680000	11	2.22499177043411
9	121680001	121860000	18	2.39313204143964
9	121860001	122910000	105	2.18056198306548
9	122910001	125250000	234	1.85819254394558
9	125250001	127070000	182	2.04769380085688
9	127070001	127250000	18	2.22437495723755
9	127250001	127460000	21	2.05110308347552
9	127460001	127520000	6	1.82589018558348
9	127520001	127580000	6	2.06365242174543
9	127580001	127670000	9	1.8493265562274
9	127670001	127890000	22	2.07469606117461
9	127890001	127980000	9	2.3159434075076
9	127980001	129070000	109	1.89947404670237
9	129070001	129200000	13	2.14890246083483
9	129200001	129390000	19	1.95287553078906
9	129390001	129500000	11	2.14711579717193
9	129500001	133110000	361	1.94180724819793
9	133110001	133140000	3	2.33706846686509
9	133140001	133340000	20	1.97643430226702
9	133340001	133380000	4	2.3040946779055
9	133380001	134080000	70	2.02862190453872
9	134080001	134140000	6	1.76369366288241
9	134140001	134330000	19	2.05323676697986
9	134330001	134370000	4	2.3654259536391
9	134370001	137150000	278	2.02609244243103
9	137150001	137250000	10	2.30697121012004
9	137250001	138394717	97	1.91719887698595
10	1	1930000	189	1.86296426362686
10	1930001	2390000	46	2.0475518704574
10	2390001	3100000	71	1.88478504874926
10	3100001	3750000	65	2.67585510957222
10	3750001	3810000	6	3.04069265495733
10	3810001	4240000	43	2.63152664020912
10	4240001	4700000	46	1.96754959301548
10	4700001	5460000	75	2.67011152215002
10	5460001	5620000	16	3.03269413281768
10	5620001	8040000	241	2.60701701712995
10	8040001	8070000	3	3.09041374657956
10	8070001	8840000	77	2.57683471163098
10	8840001	9190000	35	1.97876460672385
10	9190001	11770000	257	2.62988552041014
10	11770001	12270000	50	2.42351330017981
10	12270001	12340000	7	2.23813956172341
10	12340001	15020000	268	2.5192599598948
10	15020001	15120000	10	2.35348718921975
10	15120001	15140000	2	2.13125024502472
10	15140001	15630000	49	1.79489568433431
10	15630001	21190000	556	1.99667565940873
10	21190001	21480000	29	1.85960988522632
10	21480001	25910000	443	2.00958834197056
10	25910001	25950000	4	1.81013839064967
10	25950001	27990000	204	2.10118035327962
10	27990001	28040000	5	2.34794725553289
10	28040001	28670000	63	2.129921116556
10	28670001	33970000	529	2.36870740430302
10	33970001	34780000	81	2.16655070319006
10	34780001	35000000	22	1.96278207330571
10	35000001	37060000	206	2.25855492720189
10	37060001	37200000	12	2.69876620299045
10	37200001	37420000	22	2.4571739608913
10	37420001	38180000	76	2.25855492720189
10	38180001	38440000	26	2.04188271398451
10	38440001	41840000	120	1.81604506068901
10	41840001	42110000	11	1.58930938923965
10	42110001	42340000	23	1.91866122550339
10	42340001	59860000	1698	2.08088898551618
10	59860001	59900000	4	2.27142866850916
10	59900001	68360000	846	2.06608556026678
10	68360001	69310000	95	1.88060909472655
10	69310001	78130000	882	2.05993669233244
10	78130001	79050000	92	2.23086003315925
10	79050001	79170000	12	2.44731532869242
10	79170001	86390000	719	2.08796857678091
10	86390001	86650000	26	1.94180724819793
10	86650001	86710000	6	2.15711037770472
10	86710001	86930000	22	1.96319026480281
10	86930001	86990000	6	2.14711579717193
10	86990001	87170000	18	1.92719158602016
10	87170001	87285000	8	2.06379546818876
10	87285001	87340000	4	2.2796304995901
10	87340001	97230000	984	2.07167831161609
10	97230001	97400000	17	1.86735988983063
10	97400001	100390000	298	2.04684236600923
10	100390001	100480000	9	1.85973878802859
10	100480001	100970000	49	2.05551514258772
10	100970001	101090000	12	2.27095638730169
10	101090001	102390000	130	2.01894274779629
10	102390001	102440000	5	2.27899853942103
10	102440001	102620000	18	2.00055459462404
10	102620001	102660000	4	2.36182160818634
10	102660001	103410000	75	1.93535738438699
10	103410001	110800000	735	2.09536271301741
10	110800001	110930000	13	2.30745098117809
10	110930001	119060000	812	2.09245993602043
10	119060001	119160000	10	1.86982078491048
10	119160001	124380000	519	2.08522057459858
10	124380001	124510000	13	1.92639025621501
10	124510001	124610000	10	2.0962343311068
10	124610001	124750000	14	2.3255952017974
10	124750001	124840000	9	1.97246540898672
10	124840001	124900000	6	1.81177022577397
10	124900001	131810000	691	2.08074475428158
10	131810001	131840000	3	1.61899664950194
10	131840001	133797422	182	2.00346874046939
11	1	5760000	543	1.84382278378913
11	5760001	5790000	3	2.29198880912081
11	5790001	6600000	81	1.92705800790826
11	6600001	6640000	4	2.14428995057541
11	6640001	9170000	253	1.91892722686456
11	9170001	9740000	57	1.77300917261539
11	9740001	13250000	351	1.95206352155245
11	13250001	13290000	4	2.19268717328616
11	13290001	33170000	1988	1.90712578482464
11	33170001	33310000	14	1.73483685817782
11	33310001	33940000	63	1.93428449187196
11	33940001	34040000	10	1.72560229457658
11	34040001	35110000	107	1.95301089849731
11	35110001	35200000	9	2.14637179247499
11	35200001	45750000	1054	1.9145429163906
11	45750001	45800000	5	1.77227195214124
11	45800001	45900000	10	1.89395230476381
11	45900001	45930000	3	2.13761198242202
11	45930001	48650000	272	1.81378065786629
11	48650001	48950000	30	1.66047960165159
11	48950001	50210000	125	1.90514393699626
11	50210001	54580000	67	1.68868472008554
11	54580001	54760000	18	1.86917286669003
11	54760001	55260000	50	1.64387431532546
11	55260001	57460000	220	1.89684264091526
11	57460001	57630000	17	1.73003353097236
11	57630001	59050000	142	1.90382384940812
11	59050001	59230000	18	2.11476887717392
11	59230001	60900000	166	1.92532233475328
11	60900001	60930000	3	2.2122278735536
11	60930001	61180000	25	1.9226551204565
11	61180001	61300000	9	1.60948596910928
11	61300001	62400000	110	1.84037530124975
11	62400001	62520000	12	1.6993699982773
11	62520001	62620000	10	2.09376568769781
11	62620001	64170000	155	1.84791705260487
11	64170001	64320000	15	2.00277451142267
11	64320001	64580000	26	1.79987909715098
11	64580001	64650000	7	2.08334244671728
11	64650001	65540000	89	1.84037530124975
11	65540001	65660000	12	2.07541522065091
11	65660001	65930000	27	1.87189563284615
11	65930001	65990000	6	1.64182458995223
11	65990001	66100000	11	1.87371301335435
11	66100001	66230000	13	2.4044384568867
11	66230001	66350000	12	2.9170295478698
11	66350001	66750000	40	2.55159613795997
11	66750001	66830000	8	2.28675213813019
11	66830001	66890000	6	2.79180852826092
11	66890001	67240000	35	2.35104149134697
11	67240001	67350000	11	2.77848798179564
11	67350001	67520000	17	2.93915205958244
11	67520001	68710000	119	2.54859123488452
11	68710001	69050000	34	6.725306412639
11	69050001	69140000	9	8.44208877257928
11	69140001	69430000	29	6.9837407290701
11	69430001	69630000	20	8.66980773475824
11	69630001	69990000	36	9.56589529389339
11	69990001	70170000	18	8.28441600017588
11	70170001	70330000	16	6.87852865669486
11	70330001	70380000	5	1.79489568433431
11	70380001	71580000	109	1.46662496259772
11	71580001	111760000	3997	1.6376192882929
11	111760001	111890000	13	1.86529006940657
11	111890001	113780000	189	1.65852412751229
11	113780001	114070000	29	1.52066250748253
11	114070001	117100000	303	1.66117031932489
11	117100001	117550000	45	1.4794900561309
11	117550001	128440000	1088	1.61955784822612
11	128440001	128540000	10	1.85266238548117
11	128540001	133850000	531	1.66070980895883
11	133850001	134170000	32	1.52382792628251
11	134170001	134270000	10	1.68319228839542
11	134270001	134460000	19	1.49972709737615
11	134460001	134940000	48	1.65875406371446
11	134940001	135086622	14	2.11594187923689
12	1	50000	2	2.88525733894165
12	50001	2810000	274	1.88883934671014
12	2810001	3130000	32	1.70385196973878
12	3130001	4320000	118	1.9563981424677
12	4320001	4400000	8	1.80312573270343
12	4400001	7610000	321	1.9419418486847
12	7610001	8020000	41	1.69055857026078
12	8020001	11690000	366	1.92345489653929
12	11690001	11850000	16	2.09216987958506
12	11850001	12250000	40	1.86723045879214
12	12250001	12330000	8	1.70704370998402
12	12330001	14270000	193	1.95030532629456
12	14270001	14350000	8	1.77842483464952
12	14350001	19270000	492	1.94355778246017
12	19270001	19600000	33	1.7454511733489
12	19600001	26100000	649	1.92585622146147
12	26100001	26140000	4	2.16955626302696
12	26140001	33770000	763	1.91003622485387
12	33770001	33990000	22	2.74004578460512
12	33990001	34410000	42	5.45318840224694
12	34410001	34805000	32	4.43551000988302
12	34805001	38050000	81	1.77731574148567
12	38050001	51990000	1392	2.04670049462467
12	51990001	52810000	82	2.24622119020478
12	52810001	53030000	22	1.98068574386605
12	53030001	53110000	8	2.1943596512307
12	53110001	53180000	7	1.96905034667483
12	53180001	53230000	5	2.40127394464247
12	53230001	53930000	70	2.06665848023904
12	53930001	54040000	11	2.42872643843002
12	54040001	55840000	180	2.09376568769781
12	55840001	55920000	8	1.82791628589903
12	55920001	56110000	19	2.06393852454767
12	56110001	56160000	5	2.32253445617086
12	56160001	56860000	70	1.9713719451177
12	56860001	57180000	32	2.13051173795643
12	57180001	57260000	8	2.28121116679783
12	57260001	57440000	18	1.87008001507957
12	57440001	57730000	29	2.07656639436148
12	57730001	57760000	3	2.50480796291639
12	57760001	79420000	2160	2.07642246273568
12	79420001	79490000	7	2.26215847414917
12	79490001	96420000	1692	2.07483987313122
12	96420001	96470000	5	1.83961006981544
12	96470001	100000000	352	2.05936563577718
12	100000001	100140000	14	1.88556907183648
12	100140001	101410000	127	2.04655863307354
12	101410001	101490000	8	1.85356152099149
12	101490001	109090000	760	2.06694499979835
12	109090001	109120000	3	2.1854039922903
12	109120001	109440000	32	1.93683358335401
12	109440001	109830000	39	2.08016792930623
12	109830001	111410000	158	1.92452178218624
12	111410001	111460000	5	2.06694499979835
12	111460001	112640000	117	1.88152179335493
12	112640001	113300000	66	2.06565597451898
12	113300001	113440000	14	1.84114085100105
12	113440001	114720000	128	2.06365242174543
12	114720001	114860000	14	1.86826615834487
12	114860001	117190000	233	2.05124526003486
12	117190001	117230000	4	1.7987566242955
12	117230001	120380000	315	1.97999940943614
12	120380001	120440000	6	1.71713087287551
12	120440001	120680000	24	1.88792309844393
12	120680001	120720000	4	2.15307712655497
12	120720001	120920000	20	1.96441534870389
12	120920001	120990000	7	1.75856663243837
12	120990001	121780000	79	1.88243493493491
12	121780001	121820000	4	2.33820269470124
12	121820001	122840000	102	1.86425601969049
12	122840001	122900000	6	2.14146782311179
12	122900001	122950000	5	1.81390638391848
12	122950001	123160000	21	2.10001553447563
12	123160001	123850000	69	1.86180244846941
12	123850001	124040000	19	2.11110743527593
12	124040001	124270000	23	1.97602335703608
12	124270001	124360000	9	2.13021640678684
12	124360001	124550000	19	2.30074325654449
12	124550001	124960000	41	2.08363127932578
12	124960001	125120000	16	1.8571624288423
12	125120001	130850000	572	2.03354934658391
12	130850001	130950000	10	1.84433407089091
12	130950001	131780000	83	2.06923858675631
12	131780001	131850000	7	1.77682303323463
12	131850001	132210000	36	1.94665874831648
12	132210001	132260000	5	1.72118240816659
12	132260001	132330000	7	1.98398346224402
12	132330001	132600000	27	2.1569608633889
12	132600001	133230000	63	1.94059626356561
12	133230001	133275309	4	2.66696704869462
13	1	19730000	149	1.9771194009108
13	19730001	19940000	21	1.77965797213301
13	19940001	20890000	95	1.9988912719442
13	20890001	20970000	8	1.76908087066308
13	20970001	40130000	1912	2.04627493946886
13	40130001	40250000	12	2.23240688353701
13	40250001	45340000	509	2.05993669233244
13	45340001	45390000	5	1.80037819878658
13	45390001	57130000	1171	2.05793868689293
13	57130001	57220000	6	1.82500447303216
13	57220001	72930000	1568	2.06608556026678
13	72930001	73140000	21	1.90144999636235
13	73140001	95210000	2199	2.0482616208437
13	95210001	95540000	33	1.85960988522632
13	95540001	100000000	446	2.04599128518975
13	100000001	100070000	7	1.80162655845752
13	100070001	113060000	1279	2.06308033511403
13	113060001	113080000	2	1.79452248507306
13	113080001	113310000	23	1.98687346943467
13	113310001	113440000	13	1.77043024177919
13	113440001	114270000	78	2.00708261256298
13	114270001	114364328	9	1.8802180737157
14	1	17165000	2	1.36613494673131
14	17165001	18295000	4	1.78262099179394
14	18295001	18900000	30	1.98288361318061
14	18900001	22380000	283	2.21268794124012
14	22380001	22570000	19	2.38799530475919
14	22570001	23050000	48	2.14265563431963
14	23050001	23170000	12	2.42721179252695
14	23170001	23280000	11	2.08031212055699
14	23280001	23450000	17	2.4686118270127
14	23450001	24040000	59	2.24949319096236
14	24040001	24440000	40	2.47924354585466
14	24440001	30970000	651	2.21729388369825
14	30970001	31840000	87	2.0649401967536
14	31840001	34380000	254	2.24450918488374
14	34380001	34500000	12	2.05209852637549
14	34500001	34540000	4	1.77288628124362
14	34540001	35260000	72	2.03087296624734
14	35260001	37580000	232	2.19542461951649
14	37580001	37610000	3	2.47015230765867
14	37610001	49520000	1191	2.2200620500183
14	49520001	49950000	43	2.05779604639667
14	49950001	53130000	317	2.20228319619593
14	53130001	53210000	8	2.38898865063295
14	53210001	54940000	173	2.22160141320993
14	54940001	54990000	5	1.95816183038377
14	54990001	60670000	566	2.19283916404689
14	60670001	60720000	5	2.00889199239906
14	60720001	61100000	37	2.20381023175322
14	61100001	61140000	4	2.43024202951316
14	61140001	64700000	356	2.18041084326458
14	64700001	64790000	9	2.45973006428263
14	64790001	68460000	367	2.21376180462549
14	68460001	68820000	36	2.45547136783012
14	68820001	68900000	8	2.21483618917905
14	68900001	68980000	8	2.42923153040861
14	68980001	69380000	40	2.21944660344099
14	69380001	69470000	9	2.05523020743324
14	69470001	72930000	346	2.21867753514028
14	72930001	73700000	77	2.0556576249783
14	73700001	73790000	9	2.44545005519075
14	73790001	74410000	62	2.04386513104842
14	74410001	91220000	1680	2.20258851863642
14	91220001	91410000	19	2.38237414153659
14	91410001	92910000	148	2.18237647805683
14	92910001	93110000	20	2.37281561991975
14	93110001	93250000	14	2.0434401654286
14	93250001	103690000	1044	2.21929276845701
14	103690001	103740000	5	2.58076718580396
14	103740001	103950000	21	2.01446955224814
14	103950001	104680000	73	2.23953622143316
14	104680001	104820000	14	2.4871611728319
14	104820001	107043718	204	2.19984213983401
15	1	19860000	16	1.90250467651792
15	19860001	22340000	71	2.22993243745539
15	22340001	23840000	111	2.45887773450916
15	23840001	24250000	41	2.78658855200339
15	24250001	24430000	18	3.13898905815019
15	24430001	24480000	5	2.50029790660863
15	24480001	24780000	30	3.09963856696405
15	24780001	25050000	27	2.69932745399824
15	25050001	25120000	7	3.25915959521155
15	25120001	25170000	5	3.60200454091986
15	25170001	25250000	8	4.55042091149002
15	25250001	25280000	3	3.53742607776667
15	25280001	25650000	37	5.6757065502622
15	25650001	25740000	9	6.42189910972763
15	25740001	25770000	3	5.45886114401875
15	25770001	26180000	41	6.67191079618812
15	26180001	26880000	70	5.72311263321822
15	26880001	27230000	35	6.15474890351132
15	27230001	27560000	33	8.48785493782231
15	27560001	40030000	1137	1.88779224212184
15	40030001	40150000	12	2.08825805075167
15	40150001	40240000	9	1.83604319475919
15	40240001	40450000	21	1.99695247661656
15	40450001	41370000	92	1.77288628124362
15	41370001	41450000	8	1.57592622672039
15	41450001	41760000	31	1.76247158718071
15	41760001	42230000	47	1.95017014611579
15	42230001	43500000	127	1.81654864510284
15	43500001	43530000	3	2.03651155486136
15	43530001	44660000	104	1.78732253202353
15	44660001	49800000	514	1.93374826867494
15	49800001	51000000	120	8.39365985163621
15	51000001	52250000	125	3.67055952924546
15	52250001	52300000	5	4.07387015913461
15	52300001	52780000	48	3.64040762140646
15	52780001	52810000	3	4.44289485774218
15	52810001	52980000	17	3.72799519368527
15	52980001	64180000	1120	1.91189063518748
15	64180001	64710000	53	1.77239480092949
15	64710001	64820000	11	1.60014206808295
15	64820001	69520000	470	1.88923216065071
15	69520001	70050000	53	2.05380612401628
15	70050001	70110000	6	2.26482566018633
15	70110001	70580000	47	2.05409086173719
15	70580001	74440000	378	1.88792309844393
15	74440001	74540000	10	1.70349770051748
15	74540001	74600000	6	1.85819254394558
15	74600001	74650000	5	2.11125377116415
15	74650001	74770000	12	1.77706937028418
15	74770001	74890000	12	1.90408779372962
15	74890001	75010000	12	1.69878114356242
15	75010001	75050000	4	1.93066786880463
15	75050001	75470000	38	1.83261025808484
15	75470001	75610000	14	1.64775300326233
15	75610001	76090000	48	1.88100019705639
15	76090001	76120000	3	1.58150706416623
15	76120001	78810000	269	1.88308745023453
15	78810001	78880000	7	1.63501061252833
15	78880001	81260000	238	1.91255336082411
15	81260001	81320000	6	2.10526230941888
15	81320001	85770000	395	1.88975603965064
15	85770001	85880000	11	1.76711998474181
15	85880001	88920000	303	1.93925161081189
15	88920001	89070000	15	1.76149453633258
15	89070001	89180000	11	1.97725644913431
15	89180001	89310000	13	1.8231079640654
15	89310001	89520000	21	2.00152550529316
15	89520001	91100000	158	1.8322292171138
15	91100001	92700000	160	1.97821605272984
15	92700001	92810000	11	1.78015146650499
15	92810001	99260000	645	1.92986509355471
15	99260001	99410000	15	2.1970991854554
15	99410001	101950000	254	1.90897736947883
15	101950001	101991189	4	3.03837512628845
16	1	70000	6	2.75032097966464
16	70001	110000	4	2.23364513605153
16	110001	520000	41	1.84241747498398
16	520001	640000	12	2.06723155908046
16	640001	740000	10	2.25058491669936
16	740001	2960000	218	1.99529214884854
16	2960001	3170000	21	2.15009439582445
16	3170001	8970000	580	1.98082303929819
16	8970001	9070000	10	1.70137363152545
16	9070001	11810000	273	2.01936261879164
16	11810001	12080000	26	1.85523250195661
16	12080001	15350000	301	2.00708261256298
16	15350001	16650000	104	1.85330458061319
16	16650001	18685000	169	2.01866288230087
16	18685001	18770000	8	1.81654864510284
16	18770001	18940000	16	2.00055459462404
16	18940001	19060000	12	1.80125195969586
16	19060001	24850000	542	1.98480874937164
16	24850001	24940000	9	1.82816970646837
16	24940001	25170000	23	2.01600609423057
16	25170001	25220000	5	1.77719255161564
16	25220001	30340000	452	1.97862745396645
16	30340001	30390000	5	2.33577288017633
16	30390001	34050000	210	1.98302106096272
16	34050001	34270000	22	1.77817830970573
16	34270001	34770000	20	1.6139546037362
16	34770001	35800000	86	1.74267072479977
16	35800001	35940000	14	1.97657130300147
16	35940001	36090000	15	1.71558427804162
16	36090001	36240000	15	1.95409417801673
16	36240001	46730000	37	1.71035997816685
16	46730001	47070000	34	1.58139744624909
16	47070001	47710000	64	1.76296031581434
16	47710001	48380000	67	2.06766147249593
16	48380001	48490000	11	1.83769838299807
16	48490001	50030000	154	2.05580011724534
16	50030001	53460000	343	1.757348109292
16	53460001	55130000	166	2.10511638881275
16	55130001	55760000	63	1.82500447303216
16	55760001	55800000	3	0.88644314062181
16	55800001	59910000	410	1.71617895728839
16	59910001	60450000	54	2.05053447577719
16	60450001	61070000	62	1.77731574148567
16	61070001	62030000	94	2.0758468359879
16	62030001	66360000	432	1.77239480092949
16	66360001	66420000	6	1.97383309177168
16	66420001	67140000	72	1.64866696492166
16	67140001	67290000	15	1.82146591720491
16	67290001	67750000	46	1.6478672207556
16	67750001	67800000	5	1.44053029365961
16	67800001	70680000	285	1.60970910670797
16	70680001	81090000	1038	1.75236098547308
16	81090001	81280000	19	1.52425047967045
16	81280001	90080000	880	1.72392857189188
16	90080001	90338345	15	2.24793450136242
17	1	170000	4	1.81793422238953
17	170001	800000	59	1.55995022909968
17	800001	960000	16	1.40094469139032
17	960001	1150000	19	1.53890054800633
17	1150001	1340000	19	1.4049317035969
17	1340001	2520000	118	1.62135499171988
17	2520001	2570000	5	1.47733806358256
17	2570001	2720000	15	1.60436233270497
17	2720001	2960000	24	1.43863439329276
17	2960001	3030000	7	1.59008071407462
17	3030001	3500000	47	1.74932700478523
17	3500001	3990000	49	1.53986086363163
17	3990001	4320000	33	1.70893793222519
17	4320001	4390000	7	1.59992025666551
17	4390001	4460000	7	1.43823557443392
17	4460001	4930000	47	1.59814687187656
17	4930001	5000000	7	1.87319358180923
17	5000001	5080000	8	1.5228776094049
17	5080001	5210000	13	1.66601339472666
17	5210001	5280000	7	1.52689409433261
17	5280001	7010000	173	1.69901666095888
17	7010001	7050000	4	1.94787351610349
17	7050001	7210000	16	1.56569152653412
17	7210001	7260000	5	2.035946992233
17	7260001	7830000	57	1.66324419674981
17	7830001	7930000	10	1.9656411970905
17	7930001	16010000	807	1.7335146153171
17	16010001	16300000	29	1.40483432452692
17	16300001	16500000	20	1.20689486035995
17	16500001	16740000	24	1.4403306075988
17	16740001	16840000	10	1.54917486577417
17	16840001	17040000	20	1.3464867190335
17	17040001	17200000	16	2.00763917117644
17	17200001	17370000	17	1.71594106085738
17	17370001	17600000	23	1.8950028261634
17	17600001	17680000	8	1.71451437463175
17	17680001	18110000	43	2.01894274779629
17	18110001	18330000	22	2.27300364867005
17	18330001	18510000	17	1.99031944364017
17	18510001	18570000	6	2.43462571849903
17	18570001	18630000	6	2.09158988733146
17	18630001	20840000	199	1.83489816860112
17	20840001	21040000	20	2.19116784497404
17	21040001	21260000	22	1.78064509772164
17	21260001	21580000	32	1.9535524631698
17	21580001	21640000	6	1.79116718163055
17	21640001	21730000	9	1.97739350685761
17	21730001	21850000	9	1.79601574785867
17	21850001	22015000	14	1.63308513210262
17	22015001	22180000	14	1.9563981424677
17	22180001	22250000	7	1.71024142915583
17	22250001	22300000	5	1.87137670511605
17	22300001	22440000	11	1.68669603001294
17	22440001	22560000	12	1.94073078011042
17	22560001	22720000	16	1.60358408006625
17	22720001	26710000	11	1.41059125419421
17	26710001	26800000	9	1.7461772370549
17	26800001	26910000	8	1.56417290695796
17	26910001	27240000	30	1.7116645597668
17	27240001	27310000	7	5.23358670635392
17	27310001	28050000	74	1.74061845777266
17	28050001	28220000	17	5.49035714927222
17	28220001	28260000	4	7.45082407936801
17	28260001	28330000	7	5.62284391678955
17	28330001	28410000	8	7.26972101546143
17	28410001	28700000	29	6.00639768818661
17	28700001	28760000	6	7.58579297833733
17	28760001	29170000	41	5.66195388911389
17	29170001	29200000	3	3.57489284814926
17	29200001	29310000	11	4.92355372270879
17	29310001	29530000	22	4.32619891279993
17	29530001	29560000	3	4.76970486711609
17	29560001	29630000	7	6.69785897462787
17	29630001	29980000	35	4.51397991732278
17	29980001	30160000	18	3.85331465824324
17	30160001	30250000	9	4.99713086532637
17	30250001	30740000	49	3.7476857874897
17	30740001	30850000	11	3.35032255759389
17	30850001	30900000	5	2.80655435406103
17	30900001	31470000	57	3.25599842107269
17	31470001	31600000	13	3.81160864800048
17	31600001	31660000	6	3.17795787200419
17	31660001	38790000	656	1.71927461389439
17	38790001	38920000	13	4.02586836274782
17	38920001	39020000	10	3.28160137176156
17	39020001	39190000	17	4.25128801039144
17	39190001	39250000	6	7.15325563570089
17	39250001	39420000	17	5.39267092694823
17	39420001	39570000	15	7.13394453904836
17	39570001	39760000	19	10.9982341378952
17	39760001	39790000	3	7.89040853843565
17	39790001	40140000	35	1.73820712001793
17	40140001	40280000	14	1.52456747160435
17	40280001	41700000	142	1.80237598970822
17	41700001	41780000	8	1.44613275721909
17	41780001	43220000	144	1.6090397867015
17	43220001	43320000	3	1.41333160516934
17	43320001	43390000	7	1.87813400101399
17	43390001	44190000	80	1.60436233270497
17	44190001	44220000	3	1.98494633059864
17	44220001	46770000	214	1.64981012992511
17	46770001	46900000	13	1.53698171304996
17	46900001	47460000	56	1.70503339933269
17	47460001	47590000	13	1.57647249578655
17	47590001	48660000	107	1.7391712539995
17	48660001	48920000	26	1.6172021200436
17	48920001	48980000	6	1.38712711412404
17	48980001	49080000	10	1.63116191923091
17	49080001	49120000	4	3.6822817020021
17	49120001	49390000	27	10.3080533215715
17	49390001	49590000	20	7.11665845827101
17	49590001	49680000	9	5.07743547289041
17	49680001	49790000	11	6.24282922129937
17	49790001	49840000	5	5.44940984977864
17	49840001	49930000	9	6.82533567228213
17	49930001	50130000	20	4.58683814443906
17	50130001	50460000	33	2.63846711068553
17	50460001	50550000	9	4.87533042270709
17	50550001	50760000	21	1.73423571371574
17	50760001	50900000	14	3.61325731822952
17	50900001	50960000	6	5.60377876556126
17	50960001	51060000	10	4.53090738050818
17	51060001	51320000	26	3.19363624673221
17	51320001	52250000	93	3.5010799323966
17	52250001	55970000	371	1.77067569253824
17	55970001	56400000	43	3.9597243421834
17	56400001	56430000	3	4.32499960203581
17	56430001	56600000	17	4.59797939213871
17	56600001	56830000	23	1.82551054186695
17	56830001	57080000	25	3.84158053853594
17	57080001	57140000	6	4.51898885828049
17	57140001	57260000	12	3.8176901076729
17	57260001	57570000	31	4.57921403832449
17	57570001	57630000	6	4.9974772520481
17	57630001	58580000	95	1.77030752915909
17	58580001	58790000	21	5.29011835539069
17	58790001	59190000	40	6.03644849938546
17	59190001	59280000	9	5.43884382582422
17	59280001	59320000	4	5.92042194685546
17	59320001	59430000	11	7.1572233428618
17	59430001	59700000	27	6.14579651229898
17	59700001	60010000	31	5.01204719642327
17	60010001	60110000	9	6.16670571389797
17	60110001	60170000	6	9.72703426546478
17	60170001	60390000	22	5.3132699009245
17	60390001	60660000	27	6.60107047135791
17	60660001	60690000	3	4.52055529190013
17	60690001	61330000	63	3.77610792767322
17	61330001	61500000	17	4.81354574200082
17	61500001	61570000	7	3.92855838105357
17	61570001	62600000	103	3.55487787978974
17	62600001	62720000	12	4.55420741974642
17	62720001	63410000	69	4.09368473201846
17	63410001	63550000	14	5.12268435559095
17	63550001	63820000	27	4.17362216422112
17	63820001	64010000	19	4.90822028566453
17	64010001	64130000	12	4.27315011639724
17	64130001	64640000	51	3.01529676726524
17	64640001	64770000	13	2.57487072217304
17	64770001	64840000	7	3.07311126060782
17	64840001	65530000	66	2.77925844904447
17	65530001	65560000	3	3.22098066389851
17	65560001	66880000	132	2.77637029800296
17	66880001	67060000	18	3.30351065974288
17	67060001	67480000	42	2.81161683806909
17	67480001	67960000	48	3.58655809572872
17	67960001	68320000	36	2.76235741762607
17	68320001	68400000	8	3.54847710989345
17	68400001	69340000	94	2.85779018569587
17	69340001	69540000	20	2.64267681131653
17	69540001	69570000	3	3.07119475189489
17	69570001	70030000	46	3.91225389378936
17	70030001	70090000	6	3.11903555802303
17	70090001	72820000	271	1.76173874825396
17	72820001	72900000	8	3.5293438670468
17	72900001	73130000	23	4.05021922940197
17	73130001	73480000	35	2.9816274371005
17	73480001	73610000	13	3.32326191477849
17	73610001	73690000	8	2.88605741304622
17	73690001	73810000	12	2.34957529272268
17	73810001	73990000	18	2.09376568769781
17	73990001	74050000	6	2.35022682363573
17	74050001	74620000	57	2.81688369855678
17	74620001	74730000	11	2.53028518801915
17	74730001	74860000	13	3.65633941293675
17	74860001	74990000	13	7.49485205341741
17	74990001	75310000	32	6.12453367165302
17	75310001	75460000	15	2.5336197173746
17	75460001	75910000	45	2.88126029414276
17	75910001	76300000	39	2.6730744132594
17	76300001	76370000	7	2.40643924456021
17	76370001	76610000	24	2.84770558800923
17	76610001	76660000	5	2.22530024116967
17	76660001	76750000	9	2.66530382691303
17	76750001	76820000	7	2.34957529272268
17	76820001	76980000	16	2.90210556732606
17	76980001	77040000	6	2.17467528680348
17	77040001	77130000	9	1.88478504874926
17	77130001	77220000	9	2.17618317938253
17	77220001	77280000	6	1.87761334388073
17	77280001	79210000	193	2.06909516303782
17	79210001	79780000	57	1.8248779777457
17	79780001	79840000	6	2.08681108211056
17	79840001	80360000	52	1.76920349825475
17	80360001	80510000	15	1.89592251036841
17	80510001	80600000	9	1.64239370160881
17	80600001	81580000	98	1.86154436573517
17	81580001	81650000	7	1.63659800680704
17	81650001	82010000	32	1.85227717522096
17	82010001	82050000	4	2.13701939268869
17	82050001	83170000	112	1.78757032471357
17	83170001	83257441	8	2.28580130238632
18	1	7110000	705	1.89539692189677
18	7110001	7210000	10	1.64661126365636
18	7210001	8100000	89	1.88452378017094
18	8100001	8140000	4	2.07368965654191
18	8140001	9270000	113	1.89986907229659
18	9270001	9320000	5	1.71487093494422
18	9320001	23050000	823	1.90079111819185
18	23050001	23120000	7	1.72775661168752
18	23120001	24600000	148	1.89842104661896
18	24600001	24690000	9	2.48802330659694
18	24690001	26760000	207	2.16790268951301
18	26760001	31830000	507	1.83413521456864
18	31830001	32230000	40	1.68669603001294
18	32230001	46010000	1377	1.82804299179226
18	46010001	46220000	21	1.63830049665189
18	46220001	48750000	245	1.82664970989166
18	48750001	48800000	5	1.99819862905231
18	48800001	48990000	19	1.83426235154009
18	48990001	49030000	4	1.66820894588333
18	49030001	58760000	972	1.81528994581347
18	58760001	58910000	15	1.64444413748584
18	58910001	62240000	332	1.80800666990588
18	62240001	62290000	5	1.97109867387874
18	62290001	80160000	1787	1.80888413307054
18	80160001	80240000	8	1.95301089849731
18	80240001	80373285	3	2.62697050076517
19	1	680000	44	1.87969683883489
19	680001	860000	18	1.71617895728839
19	860001	1010000	15	1.86064135786394
19	1010001	1240000	23	2.04329852985844
19	1240001	1280000	4	2.54223958712455
19	1280001	3860000	258	1.86244781185486
19	3860001	3960000	10	1.59272809941048
19	3960001	4140000	18	1.93227442124622
19	4140001	4330000	19	1.67307254211836
19	4330001	4490000	16	2.01782351856253
19	4490001	4960000	47	1.76271593455948
19	4960001	5150000	19	2.07512752695104
19	5150001	5360000	21	1.81466092326714
19	5360001	5540000	18	1.69278646820933
19	5540001	5720000	18	1.96959635904319
19	5720001	5890000	17	1.73880964110308
19	5890001	6280000	39	2.01684470196619
19	6280001	7900000	158	1.85433255587793
19	7900001	7960000	6	2.14741347125688
19	7960001	8010000	5	1.92572273590677
19	8010001	8870000	80	1.79365198853323
19	8870001	8990000	12	2.02216399111781
19	8990001	9120000	13	1.67458081273117
19	9120001	9840000	72	1.91839526101529
19	9840001	10230000	39	1.79701194663959
19	10230001	10430000	20	1.93200656969927
19	10430001	10550000	12	1.73688230844037
19	10550001	12730000	218	1.87228492307413
19	12730001	12800000	7	2.14384410437251
19	12800001	13020000	22	1.87904549842802
19	13020001	13170000	15	2.14414132487309
19	13170001	13440000	27	1.79414936340834
19	13440001	13580000	14	1.95206352155245
19	13580001	13730000	15	1.72931417984903
19	13730001	13820000	9	1.88047874535499
19	13820001	13890000	7	2.06880834542325
19	13890001	13960000	7	1.83795315974802
19	13960001	14080000	12	1.98027391466459
19	14080001	14160000	8	2.13287586178963
19	14160001	14220000	6	1.95003497530667
19	14220001	14360000	14	1.72787637480055
19	14360001	16550000	219	1.92118972790695
19	16550001	16630000	8	2.13125024502472
19	16630001	16660000	3	1.90540806433345
19	16660001	17260000	60	1.79153968310352
19	17260001	17350000	9	2.05537267007293
19	17350001	18090000	74	1.77694619749071
19	18090001	18930000	84	1.94086530597952
19	18930001	19010000	8	1.67957940142624
19	19010001	19210000	20	1.88047874535499
19	19210001	19300000	9	1.7111900513652
19	19300001	22480000	318	1.9031641486654
19	22480001	22620000	14	2.21038855919301
19	22620001	22790000	17	2.0132132526477
19	22790001	24280000	149	2.18162025505652
19	24280001	24330000	5	2.56525100901266
19	24330001	25830000	9	2.04670049462467
19	25830001	27620000	38	1.82829642992798
19	27620001	32540000	491	2.15442070500114
19	32540001	33180000	64	1.97725644913431
19	33180001	35660000	248	2.14741347125688
19	35660001	35710000	5	1.91334893482944
19	35710001	35790000	8	2.51576994367204
19	35790001	36000000	21	1.98522152166352
19	36000001	36150000	15	2.18616152686128
19	36150001	38300000	208	2.00027727809123
19	38300001	38420000	12	2.26121786449601
19	38420001	38610000	19	1.96536872024684
19	38610001	38760000	15	2.2446647677971
19	38760001	38820000	6	1.91892722686456
19	38820001	38940000	12	2.30074325654449
19	38940001	39100000	16	1.87228492307413
19	39100001	39310000	21	2.00513587216441
19	39310001	39440000	13	2.30793085201209
19	39440001	41250000	181	2.08912671348058
19	41250001	41350000	10	2.28042069623959
19	41350001	41440000	9	2.07771820659533
19	41440001	41960000	52	2.24871371111223
19	41960001	42050000	9	2.03369030636876
19	42050001	42220000	17	2.2943730767637
19	42220001	42300000	8	2.65111637315319
19	42300001	45180000	288	2.14562804558576
19	45180001	45300000	12	1.87787365440276
19	45300001	47800000	250	2.10059786313854
19	47800001	47930000	10	1.83248323562381
19	47930001	48620000	66	2.06236544984258
19	48620001	48650000	3	2.56916580544668
19	48650001	49630000	98	2.07973541551656
19	49630001	49690000	6	2.54100638398421
19	49690001	49760000	7	1.98467117768071
19	49760001	49860000	10	2.21238121881941
19	49860001	49890000	3	2.64066263889999
19	49890001	50030000	14	2.14146782311179
19	50030001	50980000	90	1.97301236834268
19	50980001	52230000	125	2.14310123336143
19	52230001	53570000	134	1.99321868025845
19	53570001	53820000	25	1.76981676372774
19	53820001	53870000	5	1.92212212115893
19	53870001	53900000	3	2.21483618917905
19	53900001	54100000	20	1.84254518605788
19	54100001	54210000	11	2.51298141209866
19	54210001	54390000	18	2.11330353899535
19	54390001	54430000	4	1.7862078899182
19	54430001	54880000	45	2.13850117514288
19	54880001	55060000	18	1.83706159562484
19	55060001	55590000	53	2.11784939542314
19	55590001	55690000	10	2.41881427766371
19	55690001	58530000	284	2.06336635860272
19	58530001	58617616	6	2.737008661039
20	1	3740000	365	2.17557989692503
20	3740001	3830000	9	2.37117147934434
20	3830001	4950000	112	2.1725659923439
20	4950001	5100000	15	1.92959757598835
20	5100001	5610000	51	2.17497678170977
20	5610001	5790000	18	1.97684533296051
20	5790001	17610000	1180	2.22221745731019
20	17610001	17690000	8	2.47872805525103
20	17690001	26270000	845	2.23689881766097
20	26270001	27470000	11	1.83400808640934
20	27470001	28640000	8	2.09550795752683
20	28640001	28920000	17	1.75576529137747
20	28920001	29030000	6	1.93053404974351
20	29030001	29165000	10	2.18343563065996
20	29165001	29260000	6	1.83808056136844
20	29260001	29340000	8	2.35675207776455
20	29340001	29420000	8	2.00944905274868
20	29420001	29660000	24	2.17497678170977
20	29660001	30190000	30	1.97396991219771
20	30190001	30920000	64	2.14488455641489
20	30920001	31250000	22	1.72608079945448
20	31250001	31580000	33	2.1026372853932
20	31580001	31660000	8	1.9297313301358
20	31660001	32230000	57	2.20946947556567
20	32230001	32310000	8	1.97876460672385
20	32310001	32380000	7	2.18661617363979
20	32380001	32430000	5	2.00666529485766
20	32430001	32620000	19	2.31417826191367
20	32620001	32950000	33	2.04968185977168
20	32950001	33330000	38	2.25902462933009
20	33330001	33640000	31	2.02426757039946
20	33640001	33690000	5	2.55708479091059
20	33690001	41110000	742	2.18298164518801
20	41110001	41180000	7	2.46194750463743
20	41180001	44740000	356	2.19253519306025
20	44740001	44780000	4	2.62533222234751
20	44780001	45330000	55	2.22406661476469
20	45330001	45370000	4	2.5411825192296
20	45370001	49930000	456	2.22083159823846
20	49930001	50050000	12	1.95368787780106
20	50050001	50270000	22	2.22730634363919
20	50270001	50370000	10	2.45887773450916
20	50370001	51660000	129	2.186313065283
20	51660001	51850000	19	1.97232869284129
20	51850001	51900000	5	1.80712963238575
20	51900001	52280000	38	2.02721625820134
20	52280001	53420000	114	2.24310942384541
20	53420001	53830000	41	2.04287368204778
20	53830001	56490000	265	2.22946878424949
20	56490001	56750000	26	2.04570767023074
20	56750001	57670000	92	2.30793085201209
20	57670001	57740000	7	2.67993869749563
20	57740001	58920000	118	2.29962719973243
20	58920001	58980000	6	2.02581158584617
20	58980001	59470000	49	2.29405503116358
20	59470001	59550000	8	2.11066848846574
20	59550001	61920000	237	2.27694587854165
20	61920001	62110000	19	2.06422466701492
20	62110001	64444167	223	2.30681130860288
21	1	5170000	5	8.47022327802115
21	5170001	9345000	50	1.86930243237064
21	9345001	10110000	50	2.2016726782803
21	10110001	10460000	14	1.8130264845336
21	10460001	10570000	9	1.95951959524666
21	10570001	10650000	8	2.1484556555871
21	10650001	13030000	22	1.85845016198644
21	13030001	20430000	720	2.2384498552562
21	20430001	20470000	4	2.01349236261167
21	20470001	31360000	1089	2.21100149399899
21	31360001	31660000	30	2.04400680589375
21	31660001	36180000	441	2.21514325195451
21	36180001	36460000	28	2.01251564699556
21	36460001	36940000	48	2.20549119384005
21	36940001	37040000	10	2.00930977318126
21	37040001	46260000	871	2.24653260416684
21	46260001	46390000	13	1.96523249598935
21	46390001	46620000	23	2.15471939183154
21	46620001	46709983	6	2.47598058167489
22	1	11360000	30	1.73123311453258
22	11360001	11520000	8	1.45760518881574
22	11520001	12370000	40	1.90725798129224
22	12370001	12465000	7	1.45881809509174
22	12465001	15315000	28	1.86451447836585
22	15315001	15545000	19	1.73531792377538
22	15545001	15940000	9	2.01391110011344
22	15940001	16100000	10	1.63750578110756
22	16100001	17110000	89	1.86257691137403
22	17110001	17710000	60	1.68997276882503
22	17710001	19540000	107	1.85291923682614
22	19540001	22390000	245	2.26765316724771
22	22390001	24870000	247	1.70739871665393
22	24870001	25040000	17	1.53922058665306
22	25040001	29150000	410	1.72500435001583
22	29150001	29260000	11	1.51047258556283
22	29260001	29450000	19	1.65599693198199
22	29450001	29600000	15	1.50118314799487
22	29600001	30240000	64	1.69466486989224
22	30240001	30360000	12	1.86257691137403
22	30360001	30910000	55	1.59107296750984
22	30910001	30990000	8	1.78101541096126
22	30990001	31060000	7	1.51403651483769
22	31060001	31350000	29	1.74460448058273
22	31350001	31400000	5	1.45165638505721
22	31400001	33300000	190	1.68132660315975
22	33300001	33330000	3	1.53283244117636
22	33330001	35330000	200	1.7437581985348
22	35330001	35500000	17	1.61978238218052
22	35500001	36060000	56	1.74327479312056
22	36060001	36120000	6	1.47069695279729
22	36120001	36390000	27	1.78274455794782
22	36390001	36600000	21	1.63387770221423
22	36600001	37370000	77	1.77239480092949
22	37370001	37690000	32	1.66543609852658
22	37690001	38360000	67	1.55196927913457
22	38360001	38410000	5	1.82209729859115
22	38410001	42640000	423	1.65255696101755
22	42640001	42780000	14	1.41519416032666
22	42780001	42820000	4	1.56428133091964
22	42820001	43010000	19	1.74690360278511
22	43010001	43030000	2	1.59692881020018
22	43030001	43110000	8	1.43514847464069
22	43110001	43220000	11	1.60247294541677
22	43220001	43320000	10	1.85896550522088
22	43320001	43650000	33	1.66220693459935
22	43650001	43760000	11	1.79813333076896
22	43760001	45660000	190	1.62924097124281
22	45660001	45880000	22	1.80275082222966
22	45880001	45920000	4	1.57592622672039
22	45920001	46120000	20	1.86218963966046
22	46120001	46390000	27	1.63875479297589
22	46390001	46550000	16	1.49920742162971
22	46550001	49710000	316	1.70078408252452
22	49710001	49980000	27	1.89789476550199
22	49980001	50150000	17	1.72667911714882
22	50150001	50350000	20	1.87397278313828
22	50350001	50390000	4	1.55455321130539
22	50390001	50590000	20	1.86051239250247
22	50590001	50690000	10	1.69572238667349
22	50690001	50780000	9	1.92732517339132
22	50780001	50818468	3	2.80577631982942
X	1	130000	2	4.66992700649121
X	130001	2550000	213	1.66024942625565
X	2550001	18150000	1547	1.99211371152238
X	18150001	18500000	35	1.82626990825291
X	18500001	23690000	518	1.97629731102841
X	23690001	24130000	44	1.78200328948254
X	24130001	40170000	1582	1.99986137536831
X	40170001	40260000	9	1.80150168354847
X	40260001	41210000	95	1.91480834679332
X	41210001	41510000	30	1.75321144263207
X	41510001	44480000	297	1.99294238062883
X	44480001	44860000	38	1.74956952981164
X	44860001	45870000	101	1.96986942200266
X	45870001	47170000	130	2.62242224967254
X	47170001	47250000	8	3.37736944017109
X	47250001	47560000	31	2.57933650131177
X	47560001	47660000	10	3.0992088956006
X	47660001	48030000	36	2.82548787857821
X	48030001	48140000	11	2.46109440649085
X	48140001	48980000	79	2.76312341191281
X	48980001	49160000	18	2.611357538061
X	49160001	49280000	12	3.11406703296521
X	49280001	49680000	12	2.59727720545977
X	49680001	50780000	104	2.27142866850916
X	50780001	54330000	320	2.07297109499694
X	54330001	54430000	10	1.80700437604589
X	54430001	56760000	227	2.07527136881562
X	56760001	56810000	4	2.45479066097827
X	56810001	58330000	152	2.08132173920893
X	58330001	62820000	53	1.84267290598434
X	62820001	64180000	126	2.08218751660703
X	64180001	64220000	4	2.32817580013207
X	64220001	66000000	177	2.04429018504655
X	66000001	66050000	5	2.36002149554463
X	66050001	71990000	582	2.06565597451898
X	71990001	72140000	15	2.28881363932747
X	72140001	101010000	2858	2.07743019365595
X	101010001	101170000	16	1.87059858324101
X	101170001	101270000	10	2.07843841364894
X	101270001	101360000	9	1.89395230476381
X	101360001	107710000	599	2.10511638881275
X	107710001	107770000	6	2.33998616499486
X	107770001	115650000	783	2.10686810381713
X	115650001	115805000	7	1.89684264091526
X	115805001	125270000	915	2.07354592430947
X	125270001	125300000	3	2.75032097966464
X	125300001	136820000	1129	2.1013260010511
X	136820001	137010000	19	1.91016862306479
X	137010001	156010000	1828	2.10876744001807
X	156010001	156040895	3	3.50593682552866
Y	1	6805000	285	3.13877148754916
Y	6805001	57227415	604	2.09565321210417
